ContractId,ContractType,ContractTypeId,playerId,position,war_prev,war_proj,playerName,UPURL,Bats,Throws,age,team_prev,teamoverride,qo,qo_accepted,med_years,med_aav,servicetime,team_new,fullvalue,contract_years,ContractTotal,YearsTotal,SigningTeamId,aav
4929.0,Free Agent,2.0,20123,LF/RF,8.140358924865723,6.444578170776367,Juan Soto,/players/juan-soto/20123/stats?position=OF,L,L,26,NYY,NYY,21050000.0,,13.0,45000000.0,6.134,NYM,15.0,15.0,765000000.0,15.0,25.0,51000000.0
4924.0,Free Agent,2.0,15986,SS,4.757421016693115,3.806858539581299,Willy Adames,/players/willy-adames/15986/stats?position=SS,R,R,29,MIL,MIL,21050000.0,,6.0,25000000.0,6.105,SFG,7.0,7.0,182000000.0,7.0,30.0,26000000.0
5012.0,Free Agent,2.0,10815,LF,4.304333209991455,1.8920388221740723,Jurickson Profar,/players/jurickson-profar/10815/stats?position=OF,S,R,32,SDP,SDP,,,3.0,15000000.0,10.165,ATL,3.0,3.0,42000000.0,3.0,16.0,14000000.0
,,,17678,3B,4.126927375793457,4.002743244171143,Alex Bregman,/players/alex-bregman/17678/stats?position=3B,R,R,31,HOU,HOU,21050000.0,,6.0,27000000.0,8.070,,,,,,,
4968.0,Free Agent,2.0,19361,SP,3.73838472366333,3.622971773147583,Corbin Burnes,/players/corbin-burnes/19361/stats?position=P,R,R,30,BAL,BAL,21050000.0,,6.0,30000000.0,6.049,ARI,6.0,6.0,210000000.0,6.0,15.0,33041322.0
4909.0,Free Agent,2.0,20633,SP,3.543482780456543,3.001521587371826,Yusei Kikuchi,/players/yusei-kikuchi/20633/stats?position=P,L,L,34,HOU,HOU,,,3.0,18000000.0,6.000,LAA,3.0,3.0,63000000.0,3.0,1.0,21000000.0
4967.0,Free Agent,2.0,13066,RF/LF,3.4780375957489014,2.2427191734313965,Teoscar Hernández,/players/teoscar-hernandez/13066/stats?position=OF,R,R,32,LAD,LAD,21050000.0,,3.0,23000000.0,7.097,LAD,3.0,3.0,66000000.0,3.0,22.0,20940454.0
4903.0,Free Agent,2.0,12730,SP,3.465278148651123,1.6475164890289307,Nick Martinez,/players/nick-martinez/12730/stats?position=P,L,R,34,CIN,CIN,21050000.0,,2.0,16000000.0,6.002,CIN,1.0,1.0,21050000.0,1.0,18.0,21050000.0
4938.0,Free Agent,2.0,13743,SP,3.3533143997192383,3.240511655807495,Max Fried,/players/max-fried/13743/stats?position=P,L,L,31,ATL,ATL,21050000.0,,5.0,25000000.0,6.148,NYY,8.0,8.0,218000000.0,8.0,9.0,27250000.0
4892.0,Extension,3.0,14078,SP,3.3447632789611816,2.184417247772217,Michael Wacha,/players/michael-wacha/14078/stats?position=P,R,R,33,KCR,KCR,,,3.0,18000000.0,11.062,KCR,3.0,3.0,51000000.0,3.0,7.0,17000000.0
5005.0,Free Agent,2.0,14551,RF/LF,3.312878370285034,2.6859290599823,Anthony Santander,/players/anthony-santander/14551/stats?position=OF,S,R,30,BAL,BAL,21050000.0,,4.0,20000000.0,6.162,TOR,5.0,5.0,92500000.0,5.0,14.0,14314441.0
5039.0,Free Agent,2.0,17479,SP,3.215585708618164,2.5400211811065674,Jack Flaherty,/players/jack-flaherty/17479/stats?position=P,R,R,29,LAD,LAD,,,4.0,22000000.0,7.006,DET,2.0,2.0,35000000.0,2.0,6.0,17500000.0
4911.0,Free Agent,2.0,13543,SP,3.065009117126465,3.422297716140747,Blake Snell,/players/blake-snell/13543/stats?position=P,L,L,32,SFG,SFG,,,4.0,30000000.0,8.072,LAD,5.0,5.0,182000000.0,5.0,22.0,31357257.0
4955.0,Free Agent,2.0,2396,1B,3.0191009044647217,1.445020079612732,Carlos Santana,/players/carlos-santana/2396/stats?position=1B,S,R,39,MIN,MIN,,,1.0,7000000.0,14.115,CLE,1.0,1.0,12000000.0,1.0,5.0,12000000.0
4952.0,Free Agent,2.0,13419,1B,3.0072898864746094,3.107905864715576,Christian Walker,/players/christian-walker/13419/stats?position=1B,R,R,34,ARI,ARI,21050000.0,,3.0,18000000.0,6.124,HOU,3.0,3.0,60000000.0,3.0,21.0,20000000.0
4958.0,Free Agent,2.0,11899,DH/LF/RF,2.961045265197754,1.8482959270477295,Joc Pederson,/players/joc-pederson/11899/stats?position=OF,L,L,33,ARI,ARI,,,2.0,14000000.0,10.028,TEX,2.0,2.0,37000000.0,2.0,13.0,18500000.0
4957.0,Free Agent,2.0,15873,SP,2.7768120765686035,2.0117383003234863,Sean Manaea,/players/sean-manaea/15873/stats?position=P,R,L,33,NYM,NYM,21050000.0,,3.0,20000000.0,8.157,NYM,3.0,3.0,75000000.0,3.0,25.0,22009731.0
4939.0,Free Agent,2.0,9132,SP,2.69415283203125,2.876779079437256,Nathan Eovaldi,/players/nathan-eovaldi/9132/stats?position=P,R,R,35,TEX,TEX,,,3.0,20000000.0,13.013,TEX,3.0,3.0,75000000.0,3.0,13.0,25000000.0
5031.0,Free Agent,2.0,27506,SS,2.649892807006836,2.725388288497925,Ha-Seong Kim,/players/ha-seong-kim/27506/stats?position=SS,R,R,29,SDP,SDP,,,4.0,18380000.0,4.000,TBR,2.0,2.0,29000000.0,2.0,12.0,14500000.0
,,,10231,2B/SS,2.5422093868255615,1.3103011846542358,Jose Iglesias,/players/jose-iglesias/10231/stats?position=SS,R,R,35,NYM,NYM,,,,,10.158,,,,,,,
4925.0,Free Agent,2.0,15711,LF/RF/CF,2.4893486499786377,1.7777509689331055,Tyler O'Neill,/players/tyler-oneill/15711/stats?position=OF,R,R,30,BOS,BOS,,,3.0,17000000.0,6.059,BAL,3.0,3.0,49500000.0,3.0,2.0,16500000.0
,,,15423,SP,2.236586570739746,1.6361243724822998,Andrew Heaney,/players/andrew-heaney/15423/stats?position=P,L,L,34,TEX,TEX,,,2.0,12500000.0,9.150,,,,,,,
4918.0,Free Agent,2.0,15890,SP,2.102358341217041,1.6015061140060425,Luis Severino,/players/luis-severino/15890/stats?position=P,R,R,31,NYM,NYM,21050000.0,,3.0,16000000.0,8.170,ATH,3.0,3.0,67000000.0,3.0,10.0,22333333.33333333
5049.0,Free Agent,2.0,19251,1B,2.0911433696746826,2.532259941101074,Pete Alonso,/players/pete-alonso/19251/stats?position=1B,R,R,30,NYM,NYM,21050000.0,,5.0,25000000.0,6.000,NYM,2.0,2.0,54000000.0,2.0,25.0,27000000.0
4987.0,Free Agent,2.0,17432,RP,2.04223370552063,0.8343256711959839,Jeff Hoffman,/players/jeff-hoffman/17432/stats?position=P,R,R,32,PHI,PHI,,,3.0,10000000.0,6.084,TOR,3.0,3.0,33000000.0,3.0,14.0,11000000.0
,,,15454,SP,2.027095079421997,2.54927396774292,Nick Pivetta,/players/nick-pivetta/15454/stats?position=P,R,R,32,BOS,BOS,21050000.0,,3.0,15000000.0,6.166,,,,,,,
4970.0,Free Agent,2.0,16977,SP,1.9799165725708008,0.7054010033607483,Trevor Williams,/players/trevor-williams/16977/stats?position=P,R,R,33,WSN,WSN,,,2.0,9000000.0,8.027,WSN,2.0,2.0,14000000.0,2.0,24.0,7000000.0
5027.0,Free Agent,2.0,9073,RP,1.9192548990249634,0.40572139620780945,Kirby Yates,/players/kirby-yates/9073/stats?position=P,L,R,38,TEX,TEX,,,1.0,9000000.0,10.021,LAD,1.0,1.0,13000000.0,1.0,22.0,13000000.0
4973.0,Free Agent/Arb,8.0,19734,3B/2B,1.8840100765228271,1.1595475673675537,Josh Rojas,/players/josh-rojas/19734/stats?position=2B/3B,L,R,31,SEA,SEA,,,,,4.126,CHW,1.0,1.0,3500000.0,1.0,4.0,3500000.0
,,,8241,RP,1.8739523887634277,0.6919099688529968,David Robertson,/players/david-robertson/8241/stats?position=P,R,R,40,TEX,TEX,,,1.0,10000000.0,15.119,,,,,,,
4898.0,Free Agent,2.0,7739,C,1.8408857583999634,1.3010786771774292,Travis d'Arnaud,/players/travis-darnaud/7739/stats?position=C,R,R,36,ATL,ATL,,,1.0,7000000.0,11.044,LAA,2.0,2.0,12000000.0,2.0,1.0,6000000.0
4942.0,Free Agent,2.0,13620,C,1.7962260246276855,1.4940344095230103,Carson Kelly,/players/carson-kelly/13620/stats?position=C,R,R,30,TEX,TEX,,,,,6.161,CHC,2.0,2.0,11500000.0,2.0,17.0,5750000.0
,,,9323,SP,1.7494186162948608,1.0254534482955933,Patrick Corbin,/players/patrick-corbin/9323/stats?position=P,L,L,35,WSN,WSN,,,,,12.105,,,,,,,
4966.0,Free Agent,2.0,16997,2B,1.7265455722808838,3.0080838203430176,Gleyber Torres,/players/gleyber-torres/16997/stats?position=2B/SS,R,R,28,NYY,NYY,,,3.0,18000000.0,6.162,DET,1.0,1.0,15000000.0,1.0,6.0,15000000.0
,,,18015,SS/3B,1.7251684665679932,0.4474414885044098,Paul DeJong,/players/paul-dejong/18015/stats?position=SS,R,R,31,KCR,KCR,,,,,7.057,,,,,,,
5004.0,Free Agent,2.0,17586,RP,1.6385672092437744,0.8042729496955872,Tanner Scott,/players/tanner-scott/17586/stats?position=P,R,L,30,SDP,SDP,,,3.0,12000000.0,6.059,LAD,4.0,4.0,72000000.0,4.0,22.0,17127897.0
4916.0,Free Agent,2.0,5517,C,1.554368495941162,1.321183204650879,Kyle Higashioka,/players/kyle-higashioka/5517/stats?position=C,R,R,35,SDP,SDP,,,,,6.005,TEX,2.0,2.0,13500000.0,2.0,13.0,6750000.0
5046.0,Free Agent,2.0,10243,LF/RF/CF,1.5431866645812988,0.3564832806587219,Randal Grichuk,/players/randal-grichuk/10243/stats?position=OF,R,R,33,ARI,ARI,,,,,10.033,ARI,1.0,1.0,5000000.0,1.0,15.0,5000000.0
,,,10123,SP,1.4605357646942139,1.7140921354293823,Kyle Gibson,/players/kyle-gibson/10123/stats?position=P,R,R,37,STL,STL,,,1.0,10000000.0,11.039,,,,,,,
,,,3096,RP,1.42104971408844,0.44091367721557617,Kenley Jansen,/players/kenley-jansen/3096/stats?position=P,S,R,37,BOS,BOS,,,1.0,12000000.0,14.073,,,,,,,
4900.0,Free Agent,2.0,17696,2B/SS/3B,1.4038585424423218,0.3506259322166443,Kevin Newman,/players/kevin-newman/17696/stats?position=2B/SS,R,R,31,ARI,ARI,,,,,6.046,LAA,1.0,1.0,2750000.0,1.0,1.0,2750000.0
4914.0,Free Agent,2.0,14309,SP,1.365027666091919,1.7503883838653564,Frankie Montas,/players/frankie-montas/14309/stats?position=P,R,R,32,MIL,MIL,,,2.0,13000000.0,7.015,NYM,2.0,2.0,34000000.0,2.0,25.0,17000000.0
,,,11368,C,1.3566093444824219,1.135080337524414,Yasmani Grandal,/players/yasmani-grandal/11368/stats?position=C,S,R,36,PIT,PIT,,,,,12.115,,,,,,,
,,,13896,SP,1.3469197750091553,0.39223456382751465,Chris Flexen,/players/chris-flexen/13896/stats?position=P,R,R,30,CHW,CHW,,,,,4.099,,,,,,,
,,,2520,SP,1.332106351852417,1.5757200717926025,Lance Lynn,/players/lance-lynn/2520/stats?position=P,S,R,38,STL,STL,,,1.0,8000000.0,13.119,,,,,,,
5047.0,Free Agent,2.0,18030,CF,1.3253334760665894,0.9086723923683167,Harrison Bader,/players/harrison-bader/18030/stats?position=OF,R,R,31,NYM,NYM,,,1.0,10000000.0,7.030,MIN,1.0,1.0,6250000.0,1.0,8.0,6250000.0
4928.0,Free Agent,2.0,16376,LF/RF,1.271223783493042,1.3145090341567993,Michael Conforto,/players/michael-conforto/16376/stats?position=OF,L,R,32,SFG,SFG,,,1.0,12000000.0,8.043,LAD,1.0,1.0,17000000.0,1.0,22.0,17000000.0
4995.0,Free Agent,2.0,13590,LF/RF/DH,1.2515116930007935,1.0332008600234985,Jesse Winker,/players/jesse-winker/13590/stats?position=OF,L,L,31,NYM,NYM,,,2.0,7000000.0,7.080,NYM,1.0,1.0,7500000.0,1.0,25.0,7500000.0
4951.0,Free Agent,2.0,19447,SP,1.2468241453170776,0.20891448855400085,Patrick Sandoval,/players/patrick-sandoval/19447/stats?position=P,L,L,28,LAA,LAA,,,,,4.149,BOS,2.0,2.0,18250000.0,2.0,3.0,9125000.0
4922.0,Free Agent,2.0,13649,SP,1.1951483488082886,1.9736443758010864,Clay Holmes,/players/clay-holmes/13649/stats?position=P,R,R,32,NYY,NYY,,,2.0,10000000.0,6.031,NYM,3.0,3.0,38000000.0,3.0,25.0,12666666.66666667
,,,5235,1B/DH,1.1787269115447998,0.6320265531539917,Justin Turner,/players/justin-turner/5235/stats?position=3B,R,R,40,SEA,SEA,,,1.0,8000000.0,14.045,,,,,,,
5032.0,Free Agent,2.0,14542,RP,1.1562808752059937,0.3262816369533539,Carlos Estévez,/players/carlos-estevez/14542/stats?position=P,R,R,32,PHI,PHI,,,2.0,9000000.0,8.022,KCR,2.0,2.0,22200000.0,2.0,7.0,11100000.0
4954.0,Free Agent,2.0,9218,1B,1.1147931814193726,1.992680311203003,Paul Goldschmidt,/players/paul-goldschmidt/9218/stats?position=1B,R,R,37,STL,STL,0.0,,1.0,14000000.0,13.059,NYY,1.0,1.0,12500000.0,1.0,9.0,12500000.0
4917.0,Free Agent,2.0,10233,RP,1.1082288026809692,0.7905369997024536,Aroldis Chapman,/players/aroldis-chapman/10233/stats?position=P,L,L,37,PIT,PIT,,,1.0,10000000.0,14.009,BOS,1.0,1.0,10750000.0,1.0,3.0,10750000.0
,,,13273,SP,1.1038912534713745,0.5212076306343079,Ross Stripling,/players/ross-stripling/13273/stats?position=P,R,R,35,ATH,ATH,,,,,8.115,,,,,,,
4975.0,Free Agent,2.0,4676,SP,1.1023703813552856,1.376519799232483,Charlie Morton,/players/charlie-morton/4676/stats?position=P,R,R,41,ATL,ATL,,,1.0,14000000.0,16.010,BAL,1.0,1.0,15000000.0,1.0,2.0,15000000.0
4890.0,Extension,3.0,16258,RP,1.0936263799667358,0.6928746700286865,Aaron Bummer,/players/aaron-bummer/16258/stats?position=P,L,L,31,ATL,ATL,,,,,6.150,ATL,2.0,2.0,13000000.0,2.0,16.0,6500000.0
4933.0,Free Agent/Arb,8.0,15274,CF/LF/RF,1.0523040294647217,1.412192463874817,Mike Tauchman,/players/mike-tauchman/15274/stats?position=OF,L,L,34,CHC,CHC,,,,,4.143,CHW,1.0,1.0,1950000.0,1.0,4.0,1950000.0
,,,11423,SP,1.0495022535324097,1.4463661909103394,Jose Quintana,/players/jose-quintana/11423/stats?position=P,R,L,36,NYM,NYM,,,2.0,12000000.0,12.133,,,,,,,
,,,11445,LF/RF/1B,1.0016753673553467,0.7433872222900391,Mark Canha,/players/mark-canha/11445/stats?position=OF,R,R,36,SFG,SFG,,,1.0,8000000.0,9.092,,,,,,,
4930.0,Free Agent,2.0,12572,RP,0.9828249216079712,0.6109723448753357,Blake Treinen,/players/blake-treinen/12572/stats?position=P,R,R,37,LAD,LAD,,,1.0,8000000.0,10.065,LAD,2.0,2.0,22000000.0,2.0,22.0,11000000.0
4948.0,Free Agent,2.0,12144,RF/LF,0.9617677927017212,1.0452401638031006,Max Kepler,/players/max-kepler/12144/stats?position=OF,L,L,32,MIN,MIN,,,2.0,11000000.0,8.152,PHI,1.0,1.0,10000000.0,1.0,26.0,10000000.0
4905.0,Free Agent,2.0,13723,C,0.9423531889915466,0.0630219504237175,Jacob Stallings,/players/jacob-stallings/13723/stats?position=C,R,R,35,COL,COL,,,,,6.149,COL,1.0,1.0,2500000.0,1.0,19.0,2500000.0
5044.0,Free Agent,2.0,17128,RF/LF/CF,0.9147014617919922,0.3679654598236084,Ramón Laureano,/players/ramon-laureano/17128/stats?position=OF,R,R,30,ATL,ATL,,,,,5.159,BAL,1.0,1.0,4000000.0,1.0,2.0,4000000.0
4949.0,Free Agent,2.0,13346,RP,0.9144208431243896,0.2552654445171356,Hoby Milner,/players/hoby-milner/13346/stats?position=P,L,L,34,MIL,MIL,,,,,5.068,TEX,1.0,1.0,2500000.0,1.0,13.0,2500000.0
4964.0,Free Agent,2.0,12972,SP,0.909822404384613,0.3595990240573883,Joe Ross,/players/joe-ross/12972/stats?position=P,R,R,32,MIL,MIL,,,,,7.018,PHI,1.0,1.0,4000000.0,1.0,26.0,4000000.0
4979.0,Free Agent,2.0,11847,RP,0.9010557532310486,0.6781933307647705,Chris Martin,/players/chris-martin/11847/stats?position=P,R,R,39,BOS,BOS,,,1.0,7000000.0,7.133,TEX,1.0,1.0,5500000.0,1.0,13.0,5500000.0
4915.0,Free Agent,2.0,15440,SP,0.8901236653327942,1.7328898906707764,Matthew Boyd,/players/matthew-boyd/15440/stats?position=P,L,L,34,CLE,CLE,,,2.0,9000000.0,8.057,CHC,2.0,2.0,29000000.0,2.0,17.0,14500000.0
,,,13619,SP,0.8681720495223999,0.7346228361129761,Jakob Junis,/players/jakob-junis/13619/stats?position=P,R,R,32,CIN,CIN,,,1.0,6000000.0,7.002,,,,,,,
5038.0,MiLB,7.0,19339,2B/SS,0.8672005534172058,0.03340120613574982,Nicky Lopez,/players/nicky-lopez/19339/stats?position=2B/SS,L,R,30,CHW,CHW,,,,,5.139,CHC,1.0,1.0,0.0,1.0,17.0,
4985.0,Free Agent,2.0,12317,SP,0.8552122116088867,0.7044227123260498,Colin Rea,/players/colin-rea/12317/stats?position=P,R,R,34,MIL,MIL,,,,,5.057,CHC,1.0,1.0,5000000.0,1.0,17.0,5000000.0
5001.0,Free Agent,2.0,14524,RP,0.8326812982559204,0.21656103432178497,José Leclerc,/players/jose-leclerc/14524/stats?position=P,R,R,31,TEX,TEX,,,2.0,6000000.0,8.041,ATH,1.0,1.0,10000000.0,1.0,10.0,10000000.0
,,,4940,RF/LF,0.8306359648704529,0.3629802167415619,Jason Heyward,/players/jason-heyward/4940/stats?position=OF,L,L,35,HOU,HOU,,,1.0,6000000.0,15.000,,,,,,,
4991.0,Free Agent,2.0,8623,3B/1B/DH,0.7854867577552795,0.5612587928771973,Donovan Solano,/players/donovan-solano/8623/stats?position=2B,R,R,37,SDP,SDP,,,,,9.057,SEA,1.0,1.0,3500000.0,1.0,11.0,3500000.0
,,,17907,2B,0.7774572968482971,0.8918929100036621,Brendan Rodgers,/players/brendan-rodgers/17907/stats?position=2B,R,R,28,COL,COL,,,,,5.075,,,,,,,
4921.0,Free Agent,2.0,19427,SP,0.7689601182937622,1.5602298974990845,Shane Bieber,/players/shane-bieber/19427/stats?position=P,R,R,30,CLE,CLE,,,2.0,20000000.0,6.097,CLE,2.0,2.0,26000000.0,2.0,5.0,13000000.0
5022.0,MiLB,7.0,19844,3B/1B,0.7381763458251953,0.03557363152503967,Abraham Toro,/players/abraham-toro/19844/stats?position=2B/3B,S,R,28,ATH,ATH,,,,,3.165,BOS,1.0,1.0,0.0,1.0,3.0,
4977.0,Free Agent,2.0,14843,SP,0.7287187576293945,0.9298720955848694,Michael Lorenzen,/players/michael-lorenzen/14843/stats?position=P,R,R,33,KCR,KCR,,,1.0,5500000.0,9.159,KCR,1.0,1.0,7000000.0,1.0,7.0,7000000.0
4950.0,Free Agent,2.0,10681,3B,0.7057900428771973,1.3525816202163696,Gio Urshela,/players/gio-urshela/10681/stats?position=3B,R,R,33,ATL,ATL,,,,,7.127,ATH,1.0,1.0,2150000.0,1.0,10.0,2150000.0
,,,10472,3B/2B/SS/OF,0.7050151228904724,0.6877264976501465,Enrique Hernández,/players/enrique-hernandez/10472/stats?position=OF,R,R,33,LAD,LAD,,,1.0,5000000.0,10.054,,,,,,,
4963.0,Free Agent,2.0,12857,RP,0.6828033924102783,0.3471207022666931,Shawn Armstrong,/players/shawn-armstrong/12857/stats?position=P,R,R,34,CHC,CHC,,,,,6.113,TEX,1.0,1.0,1250000.0,1.0,13.0,1250000.0
,,,16207,SP,0.6672454476356506,1.04582679271698,Spencer Turnbull,/players/spencer-turnbull/16207/stats?position=P,R,R,32,PHI,PHI,,,1.0,5000000.0,6.020,,,,,,,
4980.0,Free Agent,2.0,8700,SP,0.6521748304367065,1.3618568181991577,Justin Verlander,/players/justin-verlander/8700/stats?position=P,R,R,42,HOU,HOU,,,1.0,15000000.0,19.002,SFG,1.0,1.0,15000000.0,1.0,30.0,15000000.0
,,,2036,SP,0.6394903063774109,1.4778895378112793,Clayton Kershaw,/players/clayton-kershaw/2036/stats?position=P,L,L,37,LAD,LAD,,,,,16.105,,,,,,,
4940.0,Free Agent/Arb,8.0,19274,RP,0.6370887160301208,0.04043988138437271,Jacob Webb,/players/jacob-webb/19274/stats?position=P,R,R,31,BAL,BAL,,,,,4.046,TEX,1.0,1.0,1250000.0,1.0,13.0,1250000.0
5034.0,Free Agent,2.0,3137,SP,0.6229895353317261,2.0023677349090576,Max Scherzer,/players/max-scherzer/3137/stats?position=P,R,R,40,TEX,TEX,,,1.0,18000000.0,16.079,TOR,1.0,1.0,15500000.0,1.0,14.0,15500000.0
,,,6184,DH,0.6175984740257263,0.07705104351043701,J.D. Martinez,/players/jd-martinez/6184/stats?position=DH/OF,R,R,37,NYM,NYM,,,1.0,9000000.0,13.021,,,,,,,
,,,17192,RP,0.6175432205200195,0.3181825578212738,Jalen Beeks,/players/jalen-beeks/17192/stats?position=P,L,L,31,PIT,PIT,,,,,6.003,,,,,,,
,,,13394,RP,0.6024922132492065,0.003840177785605192,Dylan Floro,/players/dylan-floro/13394/stats?position=P,L,R,34,ARI,ARI,,,1.0,3000000.0,7.053,,,,,,,
,,,17027,RF/LF,0.5958616137504578,0.9778755903244019,Alex Verdugo,/players/alex-verdugo/17027/stats?position=OF,L,L,29,NYY,NYY,,,2.0,8000000.0,6.078,,,,,,,
,,,14814,RP,0.5737820863723755,-0.0017532305791974068,Buck Farmer,/players/buck-farmer/14814/stats?position=P,L,R,34,CIN,CIN,,,,,7.140,,,,,,,
,,,12434,LF/RF/CF,0.5490602850914001,0.09335145354270935,Kevin Pillar,/players/kevin-pillar/12434/stats?position=OF,R,R,36,LAA,LAA,,,,,10.072,,,,,,,
4907.0,Free Agent,2.0,14813,3B/2B/SS,0.5485738515853882,0.3460094928741455,Kyle Farmer,/players/kyle-farmer/14813/stats?position=2B/SS,R,R,34,MIN,MIN,,,,,6.129,COL,1.0,1.0,3250000.0,1.0,19.0,3250000.0
4919.0,Free Agent,2.0,16535,C,0.5470748543739319,1.5170557498931885,Danny Jansen,/players/danny-jansen/16535/stats?position=C,R,R,30,BOS,BOS,,,2.0,8000000.0,6.050,TBR,1.0,1.0,8500000.0,1.0,12.0,8500000.0
4982.0,Free Agent,2.0,6902,SP,0.5275453329086304,0.9350727200508118,Martín Pérez,/players/martin-perez/6902/stats?position=P,L,L,34,SDP,SDP,,,1.0,7000000.0,12.038,CHW,1.0,1.0,5000000.0,1.0,4.0,5000000.0
5042.0,Free Agent,2.0,13293,RP,0.5220526456832886,0.27398809790611267,Danny Coulombe,/players/danny-coulombe/13293/stats?position=P,L,L,35,BAL,BAL,,,,,6.008,MIN,1.0,1.0,3000000.0,1.0,8.0,3000000.0
5026.0,Free Agent,2.0,11680,C,0.5190038084983826,0.3434953987598419,Elias Díaz,/players/elias-diaz/11680/stats?position=C,R,R,34,SDP,SDP,,,,,8.087,SDP,1.0,1.0,3500000.0,1.0,29.0,3500000.0
,,,19312,SP,0.4957175552845001,0.7080816030502319,Cal Quantrill,/players/cal-quantrill/19312/stats?position=P,L,R,30,COL,COL,,,,,5.132,,,,,,,
5043.0,Free Agent,2.0,16814,RP,0.4949994683265686,-0.08908210694789886,Tim Hill,/players/tim-hill/16814/stats?position=P,R,L,35,NYY,NYY,,,,,6.112,NYY,1.0,1.0,2850000.0,1.0,9.0,2850000.0
5045.0,MiLB,7.0,12147,SS,0.4921547770500183,0.002635094104334712,Nick Ahmed,/players/nick-ahmed/12147/stats?position=SS,R,R,35,SDP,SDP,,,,,10.017,TEX,1.0,1.0,0.0,1.0,13.0,
,,,16572,1B/RF/LF,0.49117904901504517,0.2582147419452667,Connor Joe,/players/connor-joe/16572/stats?position=1B/OF,R,R,32,PIT,PIT,,,,,3.136,,,,,,,
4959.0,Free Agent,2.0,9847,DH,0.4869418442249298,0.055933061987161636,Andrew McCutchen,/players/andrew-mccutchen/9847/stats?position=OF,R,R,38,PIT,PIT,,,,,15.123,PIT,1.0,1.0,5000000.0,1.0,27.0,5000000.0
5036.0,MiLB,7.0,19262,2B/3B/SS/OF,0.4832042455673218,0.00032273822580464184,Garrett Hampson,/players/garrett-hampson/19262/stats?position=2B/OF,R,R,30,KCR,KCR,,,,,6.010,ARI,1.0,1.0,0.0,1.0,15.0,
,,,16269,SP,0.4708137512207031,-9.990287071559578e-05,John Means,/players/john-means/16269/stats?position=P,L,L,32,BAL,BAL,,,1.0,8000000.0,6.007,,,,,,,
,,,1247,RP,0.4579032063484192,0.23111821711063385,Adam Ottavino,/players/adam-ottavino/1247/stats?position=P,S,R,39,NYM,NYM,,,,,13.087,,,,,,,
,,,11281,2B/3B/LF,0.44264206290245056,0.41756919026374817,Whit Merrifield,/players/whit-merrifield/11281/stats?position=2B/OF,R,R,36,ATL,ATL,,,,,8.101,,,,,,,
,,,2136,RF/LF,0.43259087204933167,0.19555218517780304,David Peralta,/players/david-peralta/2136/stats?position=OF,L,L,37,SDP,SDP,,,,,10.079,,,,,,,
,,,11489,CF,0.4319159984588623,0.22124174237251282,Michael A. Taylor,/players/michael-a-taylor/11489/stats?position=OF,R,R,34,PIT,PIT,,,1.0,4000000.0,9.129,,,,,,,
,,,12988,RP,0.4218628406524658,0.20080994069576263,Andrew Chafin,/players/andrew-chafin/12988/stats?position=P,R,L,35,TEX,TEX,,,,,10.020,,,,,,,
4895.0,Free Agent,2.0,12976,C,0.4166513681411743,0.6509407758712769,Austin Hedges,/players/austin-hedges/12976/stats?position=C,R,R,32,CLE,CLE,,,,,8.166,CLE,1.0,1.0,4000000.0,1.0,5.0,4000000.0
4937.0,Free Agent,2.0,12095,RP,0.39134320616722107,0.5906802415847778,Yimi García,/players/yimi-garcia/12095/stats?position=P,R,R,34,SEA,SEA,,,1.0,5000000.0,9.149,TOR,2.0,2.0,15000000.0,2.0,14.0,7500000.0
4947.0,Free Agent,2.0,18383,SP,0.38519519567489624,0.8927611708641052,Michael Soroka,/players/mike-soroka/18383/stats?position=P,R,R,27,CHW,CHW,,,,,6.009,WSN,1.0,1.0,9000000.0,1.0,24.0,9000000.0
4936.0,Free Agent,2.0,16426,2B,0.37707266211509705,1.3357186317443848,Thairo Estrada,/players/thairo-estrada/16426/stats?position=2B,R,R,29,SFG,SFG,,,1.0,6000000.0,4.153,COL,1.0,1.0,4000000.0,1.0,19.0,4000000.0
4894.0,Free Agent,2.0,12049,SP,0.3651241660118103,0.8627104759216309,Kyle Hendricks,/players/kyle-hendricks/12049/stats?position=P,R,R,35,CHC,CHC,,,,,10.081,LAA,1.0,1.0,2500000.0,1.0,1.0,2500000.0
4992.0,MiLB,7.0,15271,C,0.36260804533958435,0.015585350804030895,Austin Wynns,/players/austin-wynns/15271/stats?position=C,R,R,34,CIN,CIN,,,,,4.017,CIN,1.0,1.0,0.0,1.0,18.0,
5010.0,Free Agent,2.0,13892,RP,0.3498042821884155,0.24164308607578278,Paul Sewald,/players/paul-sewald/13892/stats?position=P,R,R,35,ARI,ARI,,,1.0,6500000.0,6.072,CLE,1.0,1.0,7000000.0,1.0,5.0,7000000.0
4926.0,Free Agent,2.0,11442,C/DH,0.34355589747428894,0.7413201332092285,Gary Sánchez,/players/gary-sanchez/11442/stats?position=C,R,R,32,MIL,MIL,,,,,8.050,BAL,1.0,1.0,8500000.0,1.0,2.0,8500000.0
4990.0,MiLB,7.0,12784,RP,0.33944976329803467,0.0014564136508852243,Burch Smith,/players/burch-smith/12784/stats?position=P,R,R,35,BAL,BAL,,,,,5.086,PIT,1.0,1.0,0.0,1.0,27.0,
4896.0,Free Agent,2.0,3237,RP,0.33921000361442566,-0.03659655526280403,T.J. McFarland,/players/tj-mcfarland/3237/stats?position=P,L,L,36,ATH,ATH,,,,,9.050,ATH,1.0,1.0,1800000.0,1.0,10.0,1800000.0
4984.0,Free Agent,2.0,12828,RP,0.3133000433444977,0.2367793172597885,Andrew Kittredge,/players/andrew-kittredge/12828/stats?position=P,R,R,35,STL,STL,,,1.0,3000000.0,6.070,BAL,1.0,1.0,10000000.0,1.0,2.0,10000000.0
,,,10061,RP,0.300667405128479,0.10002801567316055,Brooks Raley,/players/brooks-raley/10061/stats?position=P,L,L,37,NYM,NYM,,,1.0,4000000.0,5.045,,,,,,,
,,,6984,RP,0.2955342233181,0.33061158657073975,Luis García,/players/luis-garcia/6984/stats?position=P,R,R,38,BOS,BOS,,,1.0,3000000.0,9.007,,,,,,,
4983.0,Free Agent,2.0,19349,RP,0.28629070520401,0.39225637912750244,Caleb Ferguson,/players/caleb-ferguson/19349/stats?position=P,R,L,28,HOU,HOU,,,1.0,3000000.0,6.093,PIT,1.0,1.0,3000000.0,1.0,27.0,3000000.0
5052.0,Free Agent,2.0,17232,3B,0.27486541867256165,1.0413557291030884,Yoán Moncada,/players/yoan-moncada/17232/stats?position=2B/3B,S,R,30,CHW,CHW,,,,,7.106,LAA,1.0,1.0,5000000.0,1.0,1.0,5000000.0
4932.0,Free Agent,2.0,6562,SP,0.27364885807037354,1.9218281507492065,Alex Cobb,/players/alex-cobb/6562/stats?position=P,R,R,37,CLE,CLE,,,1.0,10000000.0,13.061,DET,1.0,1.0,15000000.0,1.0,6.0,15000000.0
5035.0,Free Agent,2.0,13152,2B/3B,0.2711794972419739,1.7705873250961304,Jorge Polanco,/players/jorge-polanco/13152/stats?position=2B/SS,S,R,31,SEA,SEA,,,,,8.024,SEA,1.0,1.0,7000000.0,1.0,11.0,7750000.0
4981.0,Free Agent,2.0,15518,2B/3B/SS/RF,0.2691499590873718,0.5667476654052734,Amed Rosario,/players/amed-rosario/15518/stats?position=SS,R,R,29,CIN,CIN,,,,,7.062,WSN,1.0,1.0,2000000.0,1.0,24.0,2000000.0
,,,7836,RP,0.2581871747970581,-0.13370710611343384,Hunter Strickland,/players/hunter-strickland/7836/stats?position=P,R,R,36,LAA,LAA,,,,,8.033,,,,,,,
5011.0,Free Agent,2.0,12037,3B/2B/SS/OF,0.2556733191013336,0.40985384583473206,Jon Berti,/players/jon-berti/12037/stats?position=3B,R,R,35,NYY,NYY,,,,,5.168,CHC,1.0,1.0,2000000.0,1.0,17.0,2000000.0
5009.0,MiLB,7.0,10028,C,0.2283584028482437,0.20828597247600555,Christian Bethancourt,/players/christian-bethancourt/10028/stats?position=C,R,R,33,CHC,CHC,,,,,5.023,TOR,1.0,1.0,0.0,1.0,14.0,
,,,15467,SP,0.2250625044107437,-9.990287071559578e-05,Marco Gonzales,/players/marco-gonzales/15467/stats?position=P,L,L,33,PIT,PIT,,,,,7.102,,,,,,,
,,,17755,RP,0.22038015723228455,0.005883260630071163,Drew Smith,/players/drew-smith/17755/stats?position=P,R,R,31,NYM,NYM,,,1.0,2000000.0,6.034,,,,,,,
,,,18335,RP,0.21735131740570068,0.02685100957751274,Josh Staumont,/players/josh-staumont/18335/stats?position=P,R,R,31,MIN,MIN,,,,,5.028,,,,,,,
,,,17796,RP,0.2139257788658142,0.03825807943940163,Dillon Tate,/players/dillon-tate/17796/stats?position=P,R,R,31,TOR,TOR,,,,,4.144,,,,,,,
4946.0,Free Agent,2.0,19867,SP,0.21122679114341736,0.4964577555656433,Griffin Canning,/players/griffin-canning/19867/stats?position=P,R,R,29,LAA,LAA,,,,,5.075,NYM,1.0,1.0,4250000.0,1.0,25.0,4250000.0
,,,15068,RP,0.21113134920597076,0.004148528445512056,Yency Almonte,/players/yency-almonte/15068/stats?position=P,R,R,31,CHC,CHC,,,,,5.143,,,,,,,
4889.0,Free Agent,2.0,13942,RP,0.20985551178455353,-0.061838358640670776,Brent Suter,/players/brent-suter/13942/stats?position=P,L,L,35,CIN,CIN,,,,,7.161,CIN,1.0,1.0,2500000.0,1.0,18.0,2500000.0
5023.0,Free Agent,2.0,19363,LF/RF/CF,0.20803378522396088,0.4353626072406769,Austin Hays,/players/austin-hays/19363/stats?position=OF,R,R,29,PHI,PHI,,,,,5.057,CIN,1.0,1.0,5000000.0,1.0,18.0,5000000.0
,,,12859,C,0.19840408861637115,0.4977813959121704,James McCann,/players/james-mccann/12859/stats?position=C,R,R,35,BAL,BAL,,,,,10.028,,,,,,,
4988.0,Free Agent,2.0,14527,RP,0.1961595118045807,0.18802526593208313,Jorge López,/players/jorge-lopez/14527/stats?position=P,R,R,32,CHC,CHC,,,,,6.094,WSN,1.0,1.0,3000000.0,1.0,24.0,3000000.0
,,,16622,3B/2B/SS,0.19359645247459412,0.4934205412864685,Luis Urías,/players/luis-urias/16622/stats?position=2B/3B/SS,R,R,28,SEA,SEA,,,,,5.024,,,,,,,
4972.0,Free Agent,2.0,10078,RP,0.1866970956325531,0.38463157415390015,Caleb Thielbar,/players/caleb-thielbar/10078/stats?position=P,R,L,38,MIN,MIN,,,1.0,3000000.0,6.131,CHC,1.0,1.0,2750000.0,1.0,17.0,2750000.0
5025.0,MiLB,7.0,15674,C,0.16009999811649323,0.0344875231385231,Reese McGuire,/players/reese-mcguire/15674/stats?position=C,L,R,30,BOS,BOS,,,,,4.155,CHC,1.0,1.0,0.0,1.0,17.0,
4901.0,Free Agent,2.0,4301,RP,0.15076594054698944,0.49207454919815063,Justin Wilson,/players/justin-wilson/4301/stats?position=P,L,L,37,CIN,CIN,,,,,12.035,BOS,1.0,1.0,2250000.0,1.0,3.0,2250000.0
4941.0,Free Agent,2.0,19753,RP,0.14872078597545624,0.433170348405838,Jonathan Loáisiga,/players/jonathan-loaisiga/19753/stats?position=P,R,R,30,NYY,NYY,,,1.0,3000000.0,6.022,NYY,1.0,1.0,5000000.0,1.0,9.0,5000000.0
4976.0,MiLB,7.0,19252,2B/3B/LF/RF,0.14843140542507172,0.026186633855104446,Cavan Biggio,/players/cavan-biggio/19252/stats?position=2B,L,R,30,ATL,ATL,,,,,5.110,KCR,1.0,1.0,0.0,1.0,7.0,
,,,13836,3B/2B/1B,0.14520896971225739,-0.03962033987045288,Matt Duffy,/players/matt-duffy/13836/stats?position=3B,R,R,34,TEX,TEX,,,,,8.065,,,,,,,
,,,6655,RP,0.1428905874490738,0.36624741554260254,Craig Kimbrel,/players/craig-kimbrel/6655/stats?position=P,R,R,37,BAL,BAL,,,1.0,6000000.0,13.161,,,,,,,
4994.0,MiLB,7.0,13755,C,0.1407795548439026,0.04698614403605461,Tomás Nido,/players/tomas-nido/13755/stats?position=C,R,R,31,CHC,CHC,,,,,5.121,DET,1.0,1.0,0.0,1.0,6.0,
,,,12777,RP,0.13871639966964722,0.25055453181266785,John Brebbia,/players/john-brebbia/12777/stats?position=P,L,R,35,ATL,ATL,,,,,7.078,,,,,,,
,,,12863,RP,0.13261817395687103,-0.03467000275850296,Matt Barnes,/players/matt-barnes/12863/stats?position=P,R,R,35,WSN,WSN,,,,,8.152,,,,,,,
5041.0,MiLB,7.0,6632,SP,0.1267712563276291,0.05505460500717163,Carlos Carrasco,/players/carlos-carrasco/6632/stats?position=P,R,R,38,CLE,CLE,,,,,13.147,NYY,1.0,1.0,0.0,1.0,9.0,
,,,16451,2B/3B/SS,0.11697546392679214,0.3496692180633545,Luis Guillorme,/players/luis-guillorme/16451/stats?position=2B/3B,L,R,30,ARI,ARI,,,,,5.159,,,,,,,
,,,18064,RP,0.10501056909561157,0.11874446272850037,Phil Maton,/players/phil-maton/18064/stats?position=P,R,R,32,NYM,NYM,,,,,7.047,,,,,,,
,,,11589,SP,0.08463604003190994,-0.0032643007580190897,José Ureña,/players/jose-urena/11589/stats?position=P,R,R,33,TEX,TEX,,,,,8.045,,,,,,,
5030.0,Free Agent,2.0,11384,RP,0.07829085737466812,0.18742001056671143,Tommy Kahnle,/players/tommy-kahnle/11384/stats?position=P,R,R,35,NYY,NYY,,,,,9.131,DET,1.0,1.0,7750000.0,1.0,6.0,7750000.0
,,,10591,RP,0.07821743935346603,0.17934146523475647,Scott Alexander,/players/scott-alexander/10591/stats?position=P,L,L,35,ATH,ATH,,,,,7.080,,,,,,,
5024.0,MiLB,7.0,19309,RP,0.07817895710468292,-0.025144968181848526,Trevor Richards,/players/trevor-richards/19309/stats?position=P,R,R,32,MIN,MIN,,,,,6.070,CHC,1.0,1.0,0.0,1.0,17.0,
4978.0,MiLB,7.0,15194,1B/RF/LF,0.04914979636669159,-0.026265708729624748,Jake Bauers,/players/jake-bauers/15194/stats?position=1B/OF,L,L,29,MIL,MIL,,,,,4.084,MIL,1.0,1.0,0.0,1.0,23.0,
,,,7593,SP,0.04134667292237282,0.0011315324809402227,Jordan Lyles,/players/jordan-lyles/7593/stats?position=P,R,R,34,KCR,KCR,,,,,12.025,,,,,,,
,,,14993,RP,0.03842223808169365,0.1891026645898819,Scott Barlow,/players/scott-barlow/14993/stats?position=P,R,R,32,CLE,CLE,,,1.0,4000000.0,6.026,,,,,,,
4965.0,MiLB,7.0,17496,RP,0.02509259432554245,-0.03618629276752472,Diego Castillo,/players/diego-castillo/17496/stats?position=P,R,R,31,MIN,MIN,,,,,4.169,COL,1.0,1.0,0.0,1.0,19.0,
,,,12323,RP,0.020245859399437904,-0.03333551064133644,Jacob Barnes,/players/jacob-barnes/12323/stats?position=P,R,R,35,WSN,WSN,,,,,6.100,,,,,,,
,,,11804,RP,0.019054971635341644,0.11475910246372223,Héctor Neris,/players/hector-neris/11804/stats?position=P,R,R,36,HOU,HOU,,,,,9.068,,,,,,,
,,,15047,RP,0.015853606164455414,0.01832791604101658,Austin Voth,/players/austin-voth/15047/stats?position=P,R,R,33,SEA,SEA,,,,,5.115,,,,,,,
4956.0,MiLB,7.0,13801,RP,0.014938382431864738,0.10960140079259872,Austin Adams,/players/austin-adams/13801/stats?position=P,R,R,34,ATH,ATH,,,,,5.150,BOS,1.0,1.0,0.0,1.0,3.0,
4934.0,MiLB,7.0,19206,SP,0.004712491761893034,-0.04133336991071701,Dakota Hudson,/players/dakota-hudson/19206/stats?position=P,R,R,30,COL,COL,,,,,5.141,LAA,1.0,1.0,0.0,1.0,1.0,
5029.0,Free Agent,2.0,15947,RP,-0.013597272336483002,0.16375188529491425,Ryne Stanek,/players/ryne-stanek/15947/stats?position=P,R,R,33,NYM,NYM,,,,,7.038,NYM,1.0,1.0,4500000.0,1.0,25.0,4500000.0
,,,15009,RP,-0.014416022226214409,0.28718987107276917,Kyle Finnegan,/players/kyle-finnegan/15009/stats?position=P,R,R,33,WSN,WSN,,,,,5.000,,,,,,,
5048.0,Free Agent,2.0,12160,RF/LF,-0.021597962826490402,0.3702467083930969,Ben Gamel,/players/ben-gamel/12160/stats?position=OF,L,L,33,HOU,HOU,,,,,6.152,HOU,1.0,1.0,1200000.0,1.0,21.0,1200000.0
5006.0,MiLB,7.0,19320,SP,-0.03982027247548103,-0.013630880042910576,Joey Lucchesi,/players/joey-lucchesi/19320/stats?position=P,L,L,32,NYM,NYM,,,,,4.113,SFG,1.0,1.0,0.0,1.0,30.0,
,,,15288,RP,-0.043499674648046494,-0.15471842885017395,Adam Cimber,/players/adam-cimber/15288/stats?position=P,R,R,34,LAA,LAA,,,,,6.102,,,,,,,
5020.0,MiLB,7.0,16350,RP,-0.0445433147251606,0.11675120145082474,Ryan Borucki,/players/ryan-borucki/16350/stats?position=P,L,L,31,PIT,PIT,,,,,6.006,PIT,1.0,1.0,0.0,1.0,27.0,
,,,9761,RP,-0.047403477132320404,0.46967941522598267,Joe Kelly,/players/joe-kelly/9761/stats?position=P,R,R,37,LAD,LAD,,,1.0,5000000.0,12.029,,,,,,,
,,,16502,RP,-0.05368679761886597,-0.04178261384367943,Ryan Yarbrough,/players/ryan-yarbrough/16502/stats?position=P,R,L,33,TOR,TOR,,,,,6.117,,,,,,,
4999.0,Free Agent,2.0,18655,RP,-0.05372526869177818,0.5366952419281006,A.J. Minter,/players/aj-minter/18655/stats?position=P,L,L,31,ATL,ATL,,,1.0,5000000.0,6.154,NYM,2.0,2.0,22000000.0,2.0,25.0,11000000.0
,,,19198,1B,-0.056267332285642624,0.02611817605793476,Yuli Gurriel,/players/yuli-gurriel/19198/stats?position=1B,R,R,41,KCR,KCR,,,,,7.073,,,,,,,
,,,13781,SP,-0.06400392204523087,0.6750628352165222,Alex Wood,/players/alex-wood/13781/stats?position=P,R,L,34,ATH,ATH,,,,,11.123,,,,,,,
,,,13324,3B/2B/SS,-0.07474217563867569,0.0022616167552769184,Ildemaro Vargas,/players/ildemaro-vargas/13324/stats?position=2B/3B,S,R,33,WSN,WSN,,,,,5.007,,,,,,,
5050.0,Free Agent,2.0,2967,LF/RF/DH,-0.07741867750883102,0.4538346827030182,Tommy Pham,/players/tommy-pham/2967/stats?position=OF,R,R,37,KCR,KCR,,,1.0,3000000.0,9.092,PIT,1.0,1.0,4025000.0,1.0,27.0,4025000.0
,,,12164,1B/3B/DH,-0.08900497108697891,0.062180306762456894,Miguel Sanó,/players/miguel-sano/12164/stats?position=1B/3B,R,R,32,LAA,LAA,,,,,8.002,,,,,,,
,,,11487,RP,-0.10865087807178497,0.04069504514336586,Joely Rodríguez,/players/joely-rodriguez/11487/stats?position=P,L,L,33,BOS,BOS,,,,,4.137,,,,,,,
5028.0,MiLB,7.0,8779,SP,-0.10883532464504242,0.32352563738822937,Wade Miley,/players/wade-miley/8779/stats?position=P,L,L,38,MIL,MIL,,,,,13.025,CIN,1.0,1.0,0.0,1.0,18.0,
,,,11752,RP,-0.11543134599924088,0.15377138555049896,Luke Jackson,/players/luke-jackson/11752/stats?position=P,R,R,33,ATL,ATL,,,,,8.019,,,,,,,
,,,12808,SP,-0.11596755683422089,-9.990287071559578e-05,Mike Clevinger,/players/mike-clevinger/12808/stats?position=P,R,R,34,CHW,CHW,,,,,8.008,,,,,,,
4904.0,Free Agent,2.0,16153,RF/LF/CF,-0.14433640241622925,0.44934192299842834,Austin Slater,/players/austin-slater/16153/stats?position=OF,R,R,32,BAL,BAL,,,1.0,4000000.0,6.147,CHW,1.0,1.0,1750000.0,1.0,4.0,1750000.0
4923.0,MiLB,7.0,12718,SP,-0.14504474401474,0.014090631157159805,Adrian Houser,/players/adrian-houser/12718/stats?position=P,R,R,32,NYM,NYM,,,,,5.136,TEX,1.0,1.0,0.0,1.0,13.0,
5019.0,Free Agent,2.0,15042,RP,-0.14801181852817535,0.0924147516489029,Tim Mayza,/players/tim-mayza/15042/stats?position=P,L,L,33,NYY,NYY,,,,,5.129,PIT,1.0,1.0,1150000.0,1.0,27.0,1150000.0
4969.0,Free Agent,2.0,13145,1B,-0.14898477494716644,0.7387554049491882,Josh Bell,/players/josh-bell/13145/stats?position=1B,S,R,32,ARI,ARI,,,1.0,8000000.0,8.053,WSN,1.0,1.0,6000000.0,1.0,24.0,6000000.0
,,,14128,1B/RF/LF,-0.1587386578321457,-0.07128991186618805,Joey Gallo,/players/joey-gallo/14128/stats?position=OF,L,R,31,WSN,WSN,,,,,8.103,,,,,,,
4960.0,Free Agent,2.0,19374,SP,-0.16054430603981018,1.4149224758148193,Walker Buehler,/players/walker-buehler/19374/stats?position=P,R,R,30,LAD,LAD,,,1.0,15000000.0,6.168,BOS,1.0,1.0,21050000.0,1.0,3.0,21050000.0
4971.0,MiLB,7.0,15684,RP,-0.1690646857023239,-0.016316192224621773,Miguel Castro,/players/miguel-castro/15684/stats?position=P,R,R,30,ARI,ARI,,,,,8.033,HOU,1.0,1.0,0.0,1.0,21.0,
4993.0,MiLB,7.0,17766,RF/LF,-0.17781583964824677,0.026949357241392136,DJ Stewart,/players/dj-stewart/17766/stats?position=OF,L,R,31,NYM,NYM,,,,,3.144,PIT,1.0,1.0,0.0,1.0,27.0,
,,,10058,RP,-0.18640710413455963,-0.08561699092388153,Tyler Matzek,/players/tyler-matzek/10058/stats?position=P,L,L,34,ATL,ATL,,,,,6.003,,,,,,,
,,,13767,RP,-0.19523978233337402,0.11313967406749725,JT Chargois,/players/jt-chargois/13767/stats?position=P,S,R,34,SEA,SEA,,,,,5.101,,,,,,,
,,,14712,LF/RF/CF,-0.1966487616300583,0.4814474284648895,Manuel Margot,/players/manuel-margot/14712/stats?position=OF,R,R,30,MIN,MIN,,,,,8.012,,,,,,,
4927.0,MiLB,7.0,17610,RP,-0.19684520363807678,-0.20125097036361694,Tanner Rainey,/players/tanner-rainey/17610/stats?position=P,R,R,32,WSN,WSN,,,,,5.127,PIT,1.0,1.0,0.0,1.0,27.0,
5018.0,MiLB,7.0,5448,RP,-0.20284128189086914,0.02001049742102623,Jesse Chavez,/players/jesse-chavez/5448/stats?position=P,R,R,41,ATL,ATL,,,,,14.038,TEX,1.0,1.0,0.0,1.0,13.0,
,,,10197,RP,-0.20343773066997528,0.002325208391994238,Shelby Miller,/players/shelby-miller/10197/stats?position=P,R,R,34,DET,DET,,,,,9.016,,,,,,,
,,,8090,1B/DH,-0.21340583264827728,-0.17731396853923798,Matt Carpenter,/players/matt-carpenter/8090/stats?position=3B,L,R,39,STL,STL,,,,,12.145,,,,,,,
,,,18337,RP,-0.21944434940814972,-0.028089992702007294,Nick Anderson,/players/nick-anderson/18337/stats?position=P,R,R,34,KCR,KCR,,,,,5.094,,,,,,,
4472.0,Free Agent/Arb,8.0,19990,SP,-0.22497497498989105,0.16853874921798706,Bryse Wilson,/players/bryse-wilson/19990/stats?position=P,R,R,27,MIL,MIL,,,,,4.036,CHW,1.0,1.0,1050000.0,1.0,4.0,1050000.0
4997.0,MiLB,7.0,16943,RP,-0.22618380188941956,0.014071849174797535,Sean Newcomb,/players/sean-newcomb/16943/stats?position=P,L,L,32,ATH,ATH,,,,,5.041,BOS,1.0,1.0,0.0,1.0,3.0,
,,,13853,2B/3B/SS,-0.2356206625699997,0.03592471778392792,Joey Wendle,/players/joey-wendle/13853/stats?position=2B/3B/SS,L,R,35,ATL,ATL,,,,,6.148,,,,,,,
,,,6399,RP,-0.2397737205028534,0.08823014050722122,José Cisnero,/players/jose-cisnero/6399/stats?position=P,R,R,36,LAA,LAA,,,,,6.167,,,,,,,
4899.0,MiLB,7.0,13580,RP,-0.24637390673160553,0.027693800628185272,Steven Okert,/players/steven-okert/13580/stats?position=P,L,L,33,MIN,MIN,,,,,4.089,HOU,1.0,1.0,0.0,1.0,21.0,
4953.0,MiLB,7.0,13528,RP,-0.24728210270404816,-0.06357688456773758,Matt Bowman,/players/matt-bowman/13528/stats?position=P,R,R,34,BAL,BAL,,,,,4.137,BAL,1.0,1.0,0.0,1.0,2.0,
,,,3473,1B,-0.2483300119638443,0.32349494099617004,Anthony Rizzo,/players/anthony-rizzo/3473/stats?position=1B,L,L,35,NYY,NYY,,,1.0,8000000.0,12.168,,,,,,,
,,,7432,RP,-0.27082371711730957,-0.0009738088119775057,Jay Jackson,/players/jay-jackson/7432/stats?position=P,R,R,37,MIN,MIN,,,,,2.100,,,,,,,
,,,11760,RP,-0.2786603271961212,0.2722618579864502,Drew Smyly,/players/drew-smyly/11760/stats?position=P,L,L,36,CHC,CHC,,,,,12.143,,,,,,,
,,,13470,RP,-0.2909858822822571,-0.037272896617650986,Lucas Sims,/players/lucas-sims/13470/stats?position=P,R,R,31,BOS,BOS,,,,,6.014,,,,,,,
,,,13768,RF/LF/CF,-0.2959437370300293,0.08060956746339798,Travis Jankowski,/players/travis-jankowski/13768/stats?position=OF,L,R,34,TEX,TEX,,,,,7.153,,,,,,,
4931.0,Free Agent,2.0,16122,RP,-0.30863672494888306,0.3040115535259247,Jordan Romano,/players/jordan-romano/16122/stats?position=P,R,R,32,TOR,TOR,,,,,5.051,PHI,1.0,1.0,8500000.0,1.0,26.0,8500000.0
,,,19403,RP,-0.31965145468711853,-0.056588999927043915,Colin Poche,/players/colin-poche/19403/stats?position=P,L,L,31,TBR,TBR,,,,,5.114,,,,,,,
,,,14130,DH,-0.3227449357509613,0.10964811593294144,Daniel Vogelbach,/players/daniel-vogelbach/14130/stats?position=1B/DH,L,R,32,TOR,TOR,,,,,6.049,,,,,,,
4989.0,MiLB,7.0,15279,1B/DH,-0.3704736828804016,-0.006259291432797909,Garrett Cooper,/players/garrett-cooper/15279/stats?position=1B/DH,R,R,34,BOS,BOS,,,,,6.131,ATL,1.0,1.0,0.0,1.0,16.0,
,,,8048,RP,-0.37080085277557373,-0.13341474533081055,Will Smith,/players/will-smith/8048/stats?position=P,R,L,35,KCR,KCR,,,1.0,3000000.0,11.155,,,,,,,
5003.0,MiLB,7.0,12510,C,-0.4097324013710022,0.015180178917944431,Curt Casali,/players/curt-casali/12510/stats?position=C,R,R,36,SFG,SFG,,,,,8.117,ATL,1.0,1.0,0.0,1.0,16.0,
5013.0,MiLB,7.0,16219,3B/1B,-0.42166072130203247,0.010414388962090015,J.D. Davis,/players/jd-davis/16219/stats?position=3B,R,R,32,NYY,NYY,,,,,6.092,LAA,1.0,1.0,0.0,1.0,1.0,
4943.0,MiLB,7.0,10200,C,-0.44270840287208557,0.006528445985168219,Tucker Barnhart,/players/tucker-barnhart/10200/stats?position=C,L,R,34,ARI,ARI,,,,,9.148,TEX,1.0,1.0,0.0,1.0,13.0,
4908.0,MiLB,7.0,14986,RP,-0.4604147970676422,-0.13299615681171417,Giovanny Gallegos,/players/giovanny-gallegos/14986/stats?position=P,R,R,33,STL,STL,,,,,6.041,LAD,1.0,1.0,0.0,1.0,22.0,
,,,15679,1B,-0.4659087657928467,0.30440813302993774,Rowdy Tellez,/players/rowdy-tellez/15679/stats?position=1B,L,L,30,PIT,PIT,,,,,6.004,,,,,,,
4912.0,MiLB,7.0,17490,RP,-0.498635470867157,-0.0023908622097223997,Génesis Cabrera,/players/genesis-cabrera/17490/stats?position=P,L,L,28,TOR,TOR,,,,,5.011,NYM,1.0,1.0,0.0,1.0,25.0,
,,,19293,3B/LF/RF,-0.5183442831039429,0.10651035606861115,Nick Senzel,/players/nick-senzel/19293/stats?position=OF,R,R,30,CHW,CHW,,,,,5.127,,,,,,,
,,,15937,3B/2B/1B/SS,-0.5351022481918335,0.01702178828418255,Aledmys Díaz,/players/aledmys-diaz/15937/stats?position=SS,R,R,34,HOU,HOU,,,,,8.054,,,,,,,
,,,5254,RF/LF,-0.5687341690063477,-0.04123765602707863,Robbie Grossman,/players/robbie-grossman/5254/stats?position=OF,S,L,35,KCR,KCR,,,,,10.060,,,,,,,
,,,17735,SP,-0.5693274736404419,0.17664995789527893,Tyler Alexander,/players/tyler-alexander/17735/stats?position=P,R,L,30,TBR,TBR,,,,,5.011,,,,,,,
5021.0,Free Agent,2.0,15223,2B/RF/LF,-0.5838051438331604,0.11239737272262573,Adam Frazier,/players/adam-frazier/15223/stats?position=2B,L,R,33,KCR,KCR,,,,,8.075,PIT,1.0,1.0,1525000.0,1.0,27.0,1525000.0
,,,12056,RP,-0.6562902927398682,-0.007430624216794968,Scott McGough,/players/scott-mcgough/12056/stats?position=P,R,R,35,ARI,ARI,,,,,1.121,,,,,,,
4887.0,MiLB,7.0,12763,RP,-0.6685813069343567,-0.003226528177037835,Chris Devenski,/players/chris-devenski/12763/stats?position=P,R,R,34,TBR,TBR,,,,,7.115,NYM,1.0,1.0,0.0,1.0,25.0,
5037.0,Free Agent/Arb,8.0,20521,2B/3B,-0.6846356987953186,0.06539292633533478,Nick Madrigal,/players/nick-madrigal/20521/stats?position=2B/3B,R,R,28,CHC,CHC,,,,,4.087,NYM,1.0,1.0,1350000.0,1.0,25.0,1350000.0
,,,13355,C,-0.706234335899353,0.11645027250051498,Luke Maile,/players/luke-maile/13355/stats?position=C,R,R,34,CIN,CIN,,,,,7.148,,,,,,,
,,,1890,RP,-0.7404576539993286,0.012675185687839985,Matt Moore,/players/matt-moore/1890/stats?position=P,L,L,36,LAA,LAA,,,,,12.000,,,,,,,
,,,5003,RP,-0.8106498122215271,0.0306636281311512,Jake Diekman,/players/jake-diekman/5003/stats?position=P,R,L,38,NYM,NYM,,,,,12.007,,,,,,,
5015.0,MiLB,7.0,17859,RP,-0.8138180375099182,0.0041804239153862,Adbert Alzolay,/players/adbert-alzolay/17859/stats?position=P,R,R,30,CHC,CHC,,,,,4.050,NYM,1.0,1.0,0.0,1.0,25.0,
,,,17982,1B,-0.8913246393203735,0.3698769807815552,Ty France,/players/ty-france/17982/stats?position=1B,R,R,30,CIN,CIN,,,,,5.089,,,,,,,
,,,19901,1B/RF/LF,-0.8936734199523926,0.04789918661117554,Gavin Sheets,/players/gavin-sheets/19901/stats?position=OF,L,L,29,CHW,CHW,,,,,3.076,,,,,,,
4962.0,MiLB,7.0,17484,DH/RF/LF,-0.9201328158378601,0.4333765506744385,Eloy Jiménez,/players/eloy-jimenez/17484/stats?position=DH/OF,R,R,28,BAL,BAL,,,1.0,6000000.0,6.000,TBR,1.0,1.0,0.0,1.0,12.0,
4961.0,MiLB,7.0,18403,RP,-0.9470517039299011,0.12278515100479126,Enyel De Los Santos,/players/enyel-de-los-santos/18403/stats?position=P,R,R,29,CHW,CHW,,,,,4.015,ATL,1.0,1.0,0.0,1.0,16.0,
4986.0,MiLB,7.0,13338,C,-0.9899805784225464,0.01700807735323906,Omar Narváez,/players/omar-narvaez/13338/stats?position=C,L,R,33,NYM,NYM,,,,,7.159,CHW,1.0,1.0,0.0,1.0,4.0,
,,,10950,LF/RF,-1.0169726610183716,0.003464467590674758,Adam Duvall,/players/adam-duvall/10950/stats?position=OF,R,R,36,ATL,ATL,,,1.0,3000000.0,8.151,,,,,,,
5017.0,Free Agent/Arb,8.0,20126,RF/LF/CF,-1.0353723764419556,0.09051083773374557,Dylan Carlson,/players/dylan-carlson/20126/stats?position=OF,S,L,26,TBR,TBR,,,,,4.104,BAL,1.0,1.0,975000.0,1.0,2.0,975000.0
,,,9627,C,-1.1810636520385742,0.020125167444348335,Yan Gomes,/players/yan-gomes/9627/stats?position=C,R,R,37,CHC,CHC,,,,,11.169,,,,,,,
4944.0,Free Agent/Arb,8.0,19600,RF/LF/CF,-1.2373181581497192,0.031525153666734695,Bryan De La Cruz,/players/bryan-de-la-cruz/19600/stats?position=OF,R,R,28,PIT,PIT,,,,,3.056,ATL,1.0,1.0,860000.0,1.0,16.0,860000.0
5008.0,MiLB,7.0,15172,SS/2B,-1.4445534944534302,0.071567103266716,Tim Anderson,/players/tim-anderson/15172/stats?position=SS,R,R,32,MIA,MIA,,,,,8.043,LAA,1.0,1.0,0.0,1.0,1.0,
4996.0,MiLB,7.0,6887,C,-1.5008291006088257,-0.12121110409498215,Martín Maldonado,/players/martin-maldonado/6887/stats?position=C,R,R,38,CHW,CHW,,,,,12.100,SDP,1.0,1.0,0.0,1.0,29.0,
,,,15676,1B,-1.5094435214996338,-0.06124779209494591,José Abreu,/players/jose-abreu/15676/stats?position=1B,R,R,38,HOU,HOU,,,,,10.054,,,,,,,
,,,12155,LF/RF/DH,-2.0230116844177246,-0.08103882521390915,Eddie Rosario,/players/eddie-rosario/12155/stats?position=OF,L,R,33,ATL,ATL,,,,,9.080,,,,,,,
,,,11615,2B/1B/3B,-2.0889203548431396,0.2226690649986267,Brandon Drury,/players/brandon-drury/11615/stats?position=2B/3B,R,R,32,LAA,LAA,,,,,8.001,,,,,,,
5002.0,MiLB,7.0,sa3025686,SP,,3.382676362991333,Roki Sasaki,/players/roki-sasaki/sa3025686/stats?position=P,R,R,23,JPN,JPN,,,,,,LAD,1.0,1.0,0.0,1.0,22.0,
4974.0,Free Agent,2.0,sa3012639,2B/SS,,1.3676949739456177,Hyeseong Kim,/players/hyeseong-kim/sa3012639/stats?position=2B,L,R,26,KBO,KBO,,,,,,LAD,3.0,3.0,12500000.0,3.0,22.0,4166666.66666667
4945.0,Free Agent,2.0,sa3025685,SP,,0.7333621382713318,Tomoyuki Sugano,/players/tomoyuki-sugano/sa3025685/stats?position=P,R,R,35,JPN,JPN,,,,,,BAL,1.0,1.0,13000000.0,1.0,2.0,13000000.0
,,,13050,SP,,0.6877994537353516,Anthony DeSclafani,/players/anthony-desclafani/13050/stats?position=P,R,R,35,MIN,MIN,,,1.0,8000000.0,10.062,,,,,,,
,,,19646,SP,,0.3443152606487274,Kyle Hart,/players/kyle-hart/19646/stats?position=P,L,L,32,KBO,KBO,,,2.0,7250000.0,0.128,,,,,,,
,,,11762,SP,,0.17321345210075378,Noah Syndergaard,/players/noah-syndergaard/11762/stats?position=P,L,R,32,CLE,CLE,,,,,8.131,,,,,,,
4935.0,MiLB,7.0,20468,SP,,0.15975135564804077,Huascar Ynoa,/players/huascar-ynoa/20468/stats?position=P,R,R,27,ATL,ATL,,,,,3.117,MIN,1.0,1.0,0.0,1.0,8.0,
,,,15514,RP,,0.12525591254234314,Kendall Graveman,/players/kendall-graveman/15514/stats?position=P,R,R,34,HOU,HOU,,,,,9.078,,,,,,,
5016.0,MiLB,7.0,20151,RP,,0.05539831146597862,James Karinchak,/players/james-karinchak/20151/stats?position=P,R,R,29,CLE,CLE,,,,,4.099,CHW,1.0,1.0,0.0,1.0,4.0,
5051.0,MiLB,7.0,15043,RP,,0.0521482415497303,Lou Trivino,/players/lou-trivino/15043/stats?position=P,R,R,33,NYY,NYY,,,,,6.163,SFG,1.0,1.0,0.0,1.0,30.0,
,,,15264,RP,,0.04650244116783142,Keynan Middleton,/players/keynan-middleton/15264/stats?position=P,R,R,31,STL,STL,,,,,7.023,,,,,,,
4888.0,Free Agent/Arb,8.0,14825,RP,,0.022237097844481468,Dylan Covey,/players/dylan-covey/14825/stats?position=P,R,R,33,PHI,PHI,,,,,4.119,NYM,1.0,1.0,350000.0,1.0,25.0,350000.0
,,,15046,RP,,0.003653950523585081,Trevor Gott,/players/trevor-gott/15046/stats?position=P,R,R,32,ATH,ATH,,,,,6.057,,,,,,,
4910.0,MiLB,7.0,10059,C,,0.002270248020067811,Max Stassi,/players/max-stassi/10059/stats?position=C,R,R,34,CHW,CHW,,,,,8.033,SFG,1.0,1.0,0.0,1.0,30.0,
,,,18413,SP,,-9.990287071559578e-05,José Urquidy,/players/jose-urquidy/18413/stats?position=P,R,R,30,HOU,HOU,,,,,5.049,,,,,,,
5000.0,MiLB,7.0,31839,RP,,-0.0012133218115195632,Shintaro Fujinami,/players/shintaro-fujinami/31839/stats?position=P,R,R,31,NYM,NYM,,,,,1.079,SEA,1.0,1.0,0.0,1.0,11.0,
,,,7115,RP,,-0.14241907000541687,Daniel Bard,/players/daniel-bard/7115/stats?position=P,R,R,40,COL,COL,,,,,8.103,,,,,,,
